start	end	text
0	6080	You know, it is funny how our expectations of permanence completely shift depending on the medium we are looking at.
6160	8980	Oh, absolutely. It is totally context dependent.
9220	17180	Right. Like if I am writing an email to someone or I guess just working on a graph document and I spot a typo, it is really nothing.
17440	18620	Yeah. You just fix it.
18800	23340	Exactly. A backspace, a keystroke, and it is gone. The whole thing is entirely fluid.
24200	29340	But last week I was watching this incredibly highly produced video essay.
29340	30180	Okay. Yeah.
30520	38780	It was like an hour long on architectural history. Beautiful graphics, sweeping drone shots, pristine audio, just really top tier stuff.
39800	46800	And right in the middle of a critical explanation, they threw up a chart where the X and Y axes were clearly swapped.
46940	52140	Oh, man. That is brutal. It completely shatters the illusion of authority when that happens.
52400	57620	It really does. But you know what really struck me was the creator's solution to it. They couldn't just like fix it.
57620	59380	Right. Because it is already out there.
59440	67640	Exactly. Instead, there was a pinned comment at a very top of the comment section saying, you know, hey, guys, at 42.15, the axes are swapped. Sorry about that.
67880	70460	Yep. The classic pinned comment fix.
70460	82260	And I realized right then that in modern digital media, despite living in an era of supposedly infinite mutability, that mistake is effectively carved in stone.
82520	83220	It is frozen.
83640	96240	It is. We are looking at a publishing landscape that is just trapped in amber. We treat code and text as things we can patch. But complex media is suddenly treated like wet concrete that is completely set.
96240	104200	We have built these incredibly sophisticated delivery pipelines. But fundamentally, the objects we are delivering are frozen artifacts. Right.
104420	110980	We have inherited this bizarre mental model where the final presentation of an idea is treated as the idea itself.
111240	115000	And that actually brings us perfectly to the core theme for today's deep dive.
115140	121080	We're going to be looking at the hidden, frankly, broken architecture of how we consume information and learn complex systems.
121080	122600	It is a massive problem.
122920	135600	It really is. And to you, the listener, have you ever felt that frustration, like the permanence of a mistake in a video or maybe using a clone software tool that looks perfect, but fundamentally feels wrong the second you actually try to use it?
135720	137600	I think everyone has run into that at some point.
137700	138080	For sure.
139080	146240	So today we are exploring a revolutionary concept designed to fix this exact issue.
146240	159860	We are talking about fundamentally tearing apart the absolute truth of a piece of information, what we will call the canonical source, and completely separating that from its visual presentation or the rendering.
160080	164340	And, you know, the shift in thinking required here really cannot be overstated.
164420	165280	No, it is huge.
165280	176440	We are moving from a paradigm where the presentation is synonymous with the truth to a world where the presentation is nothing more than a disposable, temporary view compiled from the truth.
176560	178120	I love that. The temporary view.
178400	187260	It is the difference between handing someone a baked cake versus handing them the recipe, the raw ingredients, and like a molecular breakdown of how they interact.
187260	195240	That is a great analogy. And I was reading two wildly different sources over the weekend that surprisingly tackled this exact same philosophical problem.
195440	197740	But from completely opposite ends of the spectrum, right?
198000	206620	Exactly. The first is a highly technical design specification document. It is called Buffer World, Technical Specification V 0.2.
206880	208400	A fascinating document.
208560	212580	It really is. It outlines the architecture for a 3D spatial video game.
212580	220700	But it is not just a game. It is built specifically to teach the notoriously complex keyboard motions of the VimText editor.
220880	227000	Which, just on its own, is a fascinating translation of a purely textual interface into a 3D spatial environment.
227260	233580	Totally. But then the second source we have zooms this concept out to encompass, well, all of human knowledge.
233660	234660	Just a small leap.
234740	236160	Right. Just a casual expansion.
236160	244960	It is a theoretical essay published in July 2026 titled, Plenum Hub slash Polluxan, toward a source-first publishing substrate.
245060	247060	By an independent researcher known as Flyxion.
247240	247980	Yes, Flyxion.
248280	252160	And they are proposing a radical re-architecting of literally all digital media.
252260	253400	It is incredibly ambitious.
254000	258160	So our mission for this deep dive is to synthesize these two documents for you.
258160	271400	We want to unpack how treating the source and the rendering as two entirely different things gives you unprecedented, absolute power over how you learn, read, and interact with the digital world.
271680	273380	It changes everything about media consumption.
274100	275340	Okay, let's unpack this.
275400	277040	I want to start with the root of the disease.
277300	282620	In the Plenum Hub essay, Flyxion diagnoses something called the conflation problem.
282620	290080	Right. And the genius of Flyxion's diagnosis here is pointing out something so ubiquitous that we have gone completely blind to it.
290120	291680	It is just water to a fish at this point.
291780	294600	Exactly. Think about traditional video-based publishing.
295140	299840	A platform like YouTube structurally conflates the source of a work with its rendering.
300020	301440	They're completely mashed together.
301580	308400	The video file you stream is simultaneously the intellectual argument being made and the literal recording of that argument.
308600	312500	They are smashed together at a molecular level. It goes back to your cake analogy.
313020	315460	Once it is baked, I cannot extract the eggs.
315580	316840	Nope. They are in there for good.
317200	323800	I cannot unbake the video to reduce the sugar or, you know, fix that swapped axis on the chart.
324000	330280	That analogy holds up perfectly because there is no accessible version-controlled object underneath the video.
330420	332320	Right. It is just the video.
332320	340600	If a researcher wants to analyze the core claims of a video essay, they are forced to watch pixels change color and listen to an audio waveform.
340600	342700	Which is crazy when you think about it.
342700	347820	It is. They cannot query the underlying logic. The MP4 file is a master copy.
348080	351260	But I keep asking myself, why did we build our systems this way?
351420	352300	It is a good question.
352300	361700	Like, if I am a software developer writing in C++ our time, I write human-readable source code and then I compile it into a binary executable for the computer to run.
361820	363340	Right. The computer reads the binary.
363560	364820	But I never edit the binary.
365280	368580	If there is a bug, I edit the source code and recompile it.
368980	371020	Why didn't digital media adopt that model?
371020	374080	Honestly, it comes down to historical hangovers.
374280	375120	Historical hangovers.
375160	382300	Yeah. The printing press said our mental models for centuries. A physical book had to conflate the source and the rendering.
382520	384260	Well, sure. Because it is ink on paper.
384560	394460	There was simply no practical way to distribute the semantic structural argument of a novel or a textbook separately from its typeset ink and paper form.
394760	397920	The physical page was the only available delivery mechanism.
397920	405080	Exactly. So, when we moved to digital video platforms, we didn't reinvent the wheel. We just digitized the printing press.
405180	407320	We brought our old baggage into the new medium.
407440	412680	We inherited the fusion of content and presentation by default rather than by necessity.
412940	416600	So, we treated digital video the exact same way we treated a printed book.
416700	417220	Pretty much.
417460	425900	And because of that, you know, intellectual laziness, we ended up with all these downstream pathologies that Flyxion outlines in the essay.
425900	429080	Okay. Let's dig into those, starting with uncorrectability.
429660	434340	Uncorrectability is definitely the most obvious pain point, as you noted with your chert example earlier.
434500	434900	It is infuriating.
435700	441200	If you make a factual error in a traditional video, you face an absurd logistical nightmare.
441600	443440	You cannot simply patch the error.
443500	444900	No. You have to nuke the whole thing.
444900	455080	You have to take down the entire artifact, pull up your editing software, re-render the massive file, and upload a completely new artifact.
455400	463460	And furthermore, all the old incorrect copies will persist in edge caches, user downloads, and unauthorized reposts forever.
463700	467380	Exactly. And for the creator, you lose all your engagement metrics.
467520	471900	Oh, all the incoming links break, all the embedded players across the internet go dark.
471900	475880	It financially disincentivizes creators from ever correcting the record.
475980	477940	They literally lose money if they fix a mistake.
478140	480640	So they just leave the pinned comment and move on.
480680	481100	Exactly.
481380	482940	Okay. What is the next pathology?
483240	485140	The next one is forced linearity.
485620	491760	A video is time-locked. It plays from beginning to end at a pace dictated entirely by the creator, not the reader.
491920	493440	Right. You are strapped in for the ride.
493560	498320	And to maintain that narrative momentum, complex caveats are inevitably cut.
498380	499940	Because they slow things down.
499940	507760	Tangents, towner examples, and methodological doubts, which, you know, in theoretical work, often carry the highest density of actual information.
507980	508620	Right. The nuance.
508940	510780	That nuance is systematically pruned.
511480	519100	The creator is forced to construct a singular, closure-seeking narrative flow, even when the topic demands branching exploration.
519360	520680	I feel that one intensely.
520920	521120	Yeah.
521460	525320	You are forced to choose between accuracy and audience retention.
525620	527480	It is a terrible choice to have to make.
527480	534860	If you pause to explain a crucial but dry statistical caveat, the algorithm punishes you because viewers click away.
534960	535980	So you just smooth it over.
536220	539480	You sand down the edges of reality to fit it into a cinematic timeline.
539680	543480	Which directly causes the third pathology, the complete loss of provenance.
543540	544620	Okay. Provenance.
544680	544900	Yeah.
545240	550720	Meaning the trackable history of where a piece of information came from and how it evolved over time.
550720	556520	Precisely. Consider two versions of a recorded lecture uploaded to a platform, maybe a year apart.
556680	556920	Okay.
557280	560460	The platform treats them as entirely alien, unrelated artifacts.
561120	564440	There is no automated diff command to show you what the professor changed.
564540	565660	There are no track changes.
565960	568940	There is no errata sheet embedded in the file.
569300	571480	If you want to know how the professor's thoughts evolved,
571480	578140	you literally have to open two browser windows and manually cross-reference the audio, second by second.
578200	579820	Which nobody's going to do.
579900	581940	The system itself is entirely amnesic.
582120	584720	It has absolute no memory of how things came to be.
585000	588680	Which leads to the final and, frankly, I think the most dangerous pathology.
589840	591660	The asymmetry of authority.
592320	596300	I see this happening constantly in political and scientific discourse online.
596300	597260	Oh, it is everywhere.
597980	603140	And this happens because the medium itself actively resists any kind of rebuttal in kind.
603560	604160	What do you mean by that?
604440	608880	When a claim is presented in a highly polished, heavily edited video format,
609180	611440	it acquires an artificial authority.
611680	613180	Because it looks expensive and professional.
613460	613720	Right.
614120	617980	The viewer cannot pause the video and interrogate the data feeding the charts.
618240	620260	They cannot query the underlying assumptions.
620600	621940	You just have to take their word for it.
621940	626240	The format renders the claims effectively unfalsifiable in the moment of consumption.
626840	627760	It is a monolith.
628340	628440	Yeah.
628760	634840	If someone spends $50,000 making a slick documentary full of terrible science, right,
635200	640860	and a brilliant postdoc writes a plain text blog post completely debunking it,
641620	645480	the human brain naturally grants more weight to the documentary.
645840	649100	We are wired to trust the high production value.
649100	652720	The presentation layer completely hijacks our critical thinking.
653200	656640	At that postdoc, they can't inject their rebuttal into the documentary.
657140	658580	They are locked out of the rendering.
658800	661920	The conflation of source and rendering is exactly what locks them out.
662200	668060	As long as the MP4 is the master copy, the viewer is entirely at the mercy of the creator's editorial choices.
668300	668520	Okay.
668640	672100	So the disease is the conflation of the source and the presentation.
672500	673860	How do we actually cure it?
673940	675060	That is the big question.
675060	681000	How do we build a system that separates the C++ source code from the compiled binary in media?
681820	686860	To understand the mechanics of this, let's pivot to the first source, the buffer world specification.
687060	688000	Yes, buffer world.
688180	692760	Because they are attempting to do exactly this, but in the highly specific context of a video game.
693020	699720	Buffer world is perhaps the most extreme, pedantic case study of decoupling source and presentation imaginable.
699840	701180	Extreme is a good word for it.
701180	704140	The concept is a 3D spatial puzzle game.
704520	707440	You move around a 3D environment, manipulating objects.
707660	710540	But the entire engine is designed to teach Vim.
710880	711140	Okay.
711240	720100	And for those who might not spend their days in terminal windows, Vim is a highly complex, incredibly powerful text editor used primarily by programmers.
720480	722980	It is infamous for its steep learning curve.
723040	723220	Right.
723260	729140	The old joke is that the number one most Googled programming question is just, how do I exit Vim?
729140	730260	It is entirely modal.
731180	732260	You aren't just typing.
732520	738300	You are issuing commands that combine operators and motions to manipulate text at blazing speeds.
738460	740180	It's like playing a piano almost.
740180	744960	Building a 3D game to teach this muscle memory is a brilliant pedagogical concept.
745420	752580	However, the creators of buffer world established a non-negotiable architectural rule before they wrote a single line of graphics code.
752580	754960	And they call it their phase zero correctness bar.
754960	766660	The specification dictates that the input parser, so the actual core logic engine that takes a user's keystrokes and figures out what they mean in the context of Vim, must be built headless.
767200	767720	Headless.
767720	773600	Now, I know what that means in server architecture, but what does a headless parser mean for a 3D video game?
773720	779100	Well, in traditional game development, the player's input is often tightly coupled to the visual representation.
779560	781120	Like in Unity or Unreal Engine.
781340	781780	Exactly.
781780	788040	Pressing the W key might directly apply a physical force to the 3D character model, pushing it forward.
788560	792660	The physics engine, the rendering, and the input are all talking to each other constantly.
792760	793980	They are all tangled up.
794120	797420	Headless, in the buffer world spec, mandates the exact opposite.
797420	806540	It means the core logic of parsing Vim commands and updating the text buffer must be implemented, compiled, and exhaustively unit tested in an absolute void.
806660	808020	Zero rendering dependencies.
808240	808480	None.
808720	812380	No graphics libraries, no lighting engines, no 3D coordinate math.
812940	814300	Pure abstract logic.
814400	819500	So you have this invisible brain sitting in the dark, perfectly simulating a text file, and taking keystrokes.
819800	824900	And only after that brain is flawless do you attach a 3D world to it.
824900	827920	This is codified as the fidelity principle.
828400	833300	The specification enforces a strict, immutable, one-way flow of data.
833500	834000	One way.
834440	835460	Okay, walk me through that.
835860	837040	The user presses a key.
837680	839860	The input parser interprets it.
840160	845320	The parser updates the abstract buffer model, which is the hidden, headless state.
845440	845620	Right.
845900	851120	Finally, the renderer takes a read-only snapshot of that state and updates the 3D visuals.
851540	854680	Data never flows backward from the renderer to the parser.
854680	857280	But wait, wouldn't that make game development incredibly tedious?
857460	858620	Oh, extremely tedious.
858720	865700	Let's say a developer makes really cool jump animation, but they realize it takes slightly longer to animate than the headless parser expects.
865920	867240	Right, a timing mismatch.
867420	875100	The natural instinct in game design is to just tweak the parser logic, maybe add a few frames of delay so the animation looks smooth and the game feels better.
875240	880640	If a developer submitted code doing that to Buffer Worlds, the pull request would be rejected instantly.
881000	882380	Instantly rejected, wow.
882380	889140	If a visual interaction conflicts with actual, real-world VIM behavior, VIM behavior wins unconditionally.
889620	891460	It is like a puppeteer in a puppet.
891700	893460	That is a great way to look at it.
893600	897000	The headless parser is the puppeteer, sitting in the dark above the stage.
897480	900580	The 3D game is just a puppet made of glowing polygons.
900580	906180	If the puppet ever tries to pull its own strings, the system fundamentally breaks.
906560	908960	The rendering layer can only consume the truth.
909160	910180	It can never dictate it.
910460	910980	Exactly.
911420	915620	But I have to ask, does this dogmatic strictness make the game worse?
916300	919420	Does it sacrifice fun at the altar of accuracy?
920080	921080	Well, it depends on the goal.
921080	928040	If the goal is just to make a fun arcade game loosely inspired by text editing, then yes, this strictness ruins it.
928160	928260	Right.
928580	931320	But the goal of Buffer World is educational transfer.
931840	938840	If the game bends the rules of VIM to make an animation look cooler, the player's muscle memory adapts to the bent rule.
939100	939740	Oh, I see.
939740	944540	When they eventually go to work and open real VIM on a server, their muscle memory will betray them.
944720	945960	Because they learned a lie.
946360	946800	Exactly.
947300	956440	By enforcing this one-way data flow, the game guarantees that the canonical source, the absolute unforgiving reality of VIM mechanics, remains pure.
956980	961120	The 3D world is just a disposable visualization of that truth.
961280	963280	Here is where it gets really interesting, though.
963600	969040	Because the truth of VIM is not a clean, elegant set of mathematical axioms.
969040	969660	Not at all.
969740	977080	It is a messy, deeply human artifact, full of bizarre exceptions, historical quirks, and highly pedantic rules.
977220	979020	Decades of accumulated quirks.
979180	987480	To understand why the headless parser has to be so heavily fortified against the rendering layer, we have to look at the granular mechanics Buffer World is forced to replicate.
987480	993140	The specification spends pages detailing the exact behaviors that most VIM clones get wrong.
993660	994920	Let's look at count multiplication.
995060	995660	Okay, let's do it.
995880	999040	In VIM, a user can prefix commands with numbers to repeat them.
999040	1005480	Right, if I wanted to delete three words, I could type D for delete, three for the count, and W for word, D3W.
1005700	1007720	But you can also prefix the operator itself.
1007880	1011540	You could type 3DW, which means three times delete a word.
1011540	1014620	Okay, so the number can go before the action or before the target.
1014880	1015140	Right.
1015500	1016440	Or you can do both.
1016540	1018680	You can type 3D2W.
1018880	1021100	Three times delete two words.
1021100	1024520	So mathematically, that is deleting six words.
1024520	1031060	Yes, but the parser cannot just trigger the delete animation three times in a row, each deleting two words.
1031220	1031620	Why not?
1031740	1039220	The specification requires the parser to construct an abstract syntax tree that mathematically resolves the user's intent before execution.
1039560	1040040	Oh, I see.
1040040	1048920	Typing 3D2W must resolve internally to the exact same canonical command object as D6W or 6DW.
1049520	1055020	The headless state must multiply the counts and present a unified delete six word state to the renderer.
1055100	1062480	Because if the renderer just watched the keystrokes and blindly played an animation, it wouldn't actually understand the logical structure of the edit.
1062620	1063960	It would just be parroting inputs.
1064100	1064920	It would be faking it.
1064920	1065960	What about the cursor?
1066700	1070200	The spec seems obsessed with exactly where the cursor lands after an operation.
1070500	1075320	Cursor invariants are the Achilles heel of almost every piece of software that tries to emulate Vim.
1075480	1076880	Why is that so hard to get right?
1077240	1085080	Developers often get the text modification right, like the correct words disappear from the screen, but they leave the cursor in the wrong column.
1085420	1086440	I know exactly what you mean.
1087020	1093860	I have tried browser extensions that claim to give you Vim key bindings, and they constantly leave my cursor one space off.
1093860	1095140	It is so jarring.
1095240	1096180	It drives me insane.
1096300	1098000	It feels like wearing someone else's glasses.
1098340	1102520	That uncanny valley feeling is exactly what Buffer World has to avoid.
1102960	1106380	A perfect example is the behavior when leaving insert mode.
1106620	1106900	Okay.
1107180	1112500	In Vim, when you are typing naturally, your cursor represents where the next character will appear.
1113000	1116680	It is technically positioned one column past the last character you typed.
1116820	1118820	Sure, just like any normal word processor.
1118820	1124980	But when you press the escape key to return to normal command mode, the cursor does not stay in that empty space.
1125180	1125420	Right.
1125660	1131780	It visibly steps backward, one column to the left, resting directly on top of the last character you typed.
1132020	1134680	My muscle memory completely expects that jump backward.
1135140	1139960	If I hit escape and the cursor just sits there in the void, I immediately assume the program is frozen.
1140360	1143740	That backward step is a documented mandatory feature.
1144060	1145220	It is an invariant.
1145660	1146940	Buffer World has to nail that.
1146940	1150060	The headless parser must enforce this rigorously.
1150680	1156300	When the state transitions from insert to normal, the parser must update the coordinate state of the cursor,
1156720	1161740	and the 3D renderer simply observes that change and moves the player's avatar backward.
1162200	1164760	So the engine has to handle movement logic perfectly.
1165220	1170700	But the spec also talks about the difference between exclusive, inclusive, and line-wise motions.
1170860	1171140	Yes.
1171140	1178000	This feels like the kind of logic that would cause absolute chaos if the 3D graphics engine tried to handle it ad hoc.
1178400	1179160	It would be a nightmare.
1179560	1180720	Let's define them quickly.
1181120	1185700	An exclusive motion, like W for moving to the next word, moves the cursor.
1186080	1191140	But if you combine it with a delete operator, it does not delete the character the cursor lands on.
1191160	1192320	It stalks just before it.
1192500	1192740	Right.
1192740	1198740	An inclusive motion, like E for moving to the end of a word, does include the landing character in the operation.
1199040	1203620	And line-wise, operations just ignore horizontal columns entirely and operate on the whole row.
1203800	1204180	Exactly.
1204380	1208660	Now imagine trying to program those rules into a 3D character controller.
1209100	1209660	Oh, wow.
1209820	1214460	Checking collisions and animations for every possible combination of operators and motions.
1214820	1217000	It would be a spaghetti code disaster.
1217380	1218440	So how do they handle it?
1218440	1224540	Buffer World solves this by isolating all that logic in a central clamping function within the headless parser.
1224740	1224960	Okay.
1225080	1229960	The parser calculates the exact start and end coordinates of the operation based on the motion type,
1230460	1233260	clamps those coordinates to the boundaries of the text buffer,
1233900	1238940	executes the logic, and only then hands the final clean state to the renderer.
1239200	1243600	It is insulating the presentation layer from the messy reality of the logic.
1243780	1244340	Precisely.
1244340	1247560	But what happens when that logic is intentionally inconsistent?
1248480	1251600	The spec calls out specific deliberate exceptions.
1251980	1252340	Ah.
1252920	1261460	The CW versus CE exception is fascinating to me because it shows how human intuition fundamentally broke the mathematical rules of the software.
1261640	1262540	It is a great example.
1262820	1266040	And now that broken rule has to be preserved as canonical truth.
1266180	1268480	It is a wonderful piece of software archaeology.
1268840	1270100	Let's look at the underlying logic.
1270100	1274120	In standard Vim operation, DW means delete word.
1274340	1278940	If your cursor is on the word apple followed by a space and you type DW,
1279720	1283100	Vim deletes apple and it also deletes the trailing space.
1283180	1284240	Which makes total sense.
1284340	1288500	You want the next word to slide over and sit flush without leaving a double space behind.
1288660	1289460	Perfectly logical.
1290000	1292500	Now, the C operator stands for change.
1292620	1292800	Yeah.
1292800	1297720	It deletes the target and immediately puts you into insert mode so you can type the replacement.
1298180	1304400	So logic dictates that CW, change word, should behave exactly like DW.
1304740	1306820	It should delete the word and the trailing space.
1306900	1312400	But if it deletes the trailing space and drops me into insert mode, I'd be typing right up against the following word.
1312400	1312880	Exactly.
1313080	1317120	I would have to manually hit the space bar every single time I changed a word.
1317280	1318160	That feels terrible.
1318360	1324440	Bill Joy, the creator of Vim's predecessor, Vi, realized that felt terrible in the late 1970s.
1324560	1326300	So he hard-coded an exception.
1326480	1327580	He just broke his own rule.
1327820	1328080	Yes.
1328340	1331260	When you type CW, Vim breaks its own rules.
1331780	1335580	It silently changes the motion from W word to E end of word.
1335580	1343100	It deletes the word, but it deliberately leaves the trailing white space intact so your new typing has room to breathe.
1343520	1347840	It abandons mathematical consistency to accommodate human ergonomics.
1348000	1348560	Exactly.
1349040	1356440	And because Buffer World is committed to absolute source fidelity, they cannot just write a clean, elegant parser.
1357160	1362340	They have to explicitly program that exact same inconsistency into their game engine.
1362340	1366240	They have to preserve the dents and scratches of the original artifact.
1366520	1368660	You see this again with text object resolution, right?
1369120	1369340	Yes.
1369480	1370900	Text objects are another area.
1371100	1377100	Text objects allow you to manipulate blocks of text based on structure, like brackets or quotes.
1377280	1377440	Okay.
1377800	1389060	If you are inside parentheses and type I, and then an open parentheses, meaning inner parentheses, Vim searches outward, traversing multiple lines if necessary to find the nearest enclosing brackets.
1389300	1390680	So it looks up and down the document.
1390680	1396840	If you add a count, like two I, open parentheses, it jumps out another layer to the next set of nested brackets.
1397140	1401000	It treats brackets as structural nested containers spanning the whole document.
1401500	1403340	But quote marks don't work like that, do they?
1403560	1404360	No, they do not.
1404900	1408900	Quote objects, like I and then a quote mark, have completely different parsing logic.
1409100	1409500	How so?
1409740	1412320	Quotes cannot nest across lines in Vim.
1412320	1422480	If your cursor is sitting on a blank space at the beginning of a line, and you type inner quote, Vim does not search backward through the file to find where you last opened a quote.
1422820	1423740	What does it do instead?
1424000	1430560	Instead, it scans strictly forward, only on the current line, and snaps to the first quoted string it finds.
1430560	1433600	Computationally, that is a completely different search algorithm.
1433780	1434700	Completely different.
1434820	1442660	One uses a stack to track nesting across a global buffer, and the other is just a simple linear scan constrained by a line-brain delimiter.
1442840	1448500	And buffer world must meticulously implement both, completely independent of the 3D graphics.
1448900	1452140	Replicating these quirks is not about building a functional text editor.
1452140	1456680	It is about a dogmatic, almost religious preservation of the source reality.
1456920	1457240	Yes.
1457880	1461420	The canonical source is not the abstract concept of text editing.
1462000	1466720	The canonical source is Vim in all its idiosyncratic 1970s glory.
1467000	1469660	This raises a massive structural question for me, though.
1470260	1477120	Buffer world can define its absolute source state meticulously, because Vim is a finite, bounded piece of software.
1477280	1478320	It is a closed system.
1478320	1481300	The rules are complex, but they are known.
1481300	1492300	How on earth does Plenum Hub propose defining an absolute canonical source state for something as fluid, messy, and infinitely expanding as human knowledge and digital media?
1492520	1499700	This is where we zoom out from the microscopic rules of a text editor parser, back to the macroscopic architecture of publishing.
1499820	1500560	Okay, let's zoom out.
1500820	1506160	To handle the messy reality of human knowledge, Plenum Hub shatters the concept of a version.
1506360	1511020	Traditional media collapses all changes into a single, linear version history.
1511300	1513020	Version 1, version 2, version 3.
1513180	1513380	Right.
1513780	1516700	Plenum Hub argues that this is fundamentally inadequate.
1517340	1522620	Instead, it proposes three entirely independent axes that map the dimensions of content.
1522900	1523120	Okay.
1523280	1525860	Let's explore this 3D coordinate space for knowledge.
1525980	1529360	The first axis is lineage, but it's not a straight line, right?
1529400	1529680	Correct.
1529900	1533960	Lineage is a graph very similar to how Git tracks software development.
1533960	1539440	It tracks the history of the content over time, but it formally distinguishes between revisions and branches.
1539960	1542220	A revision is a meaning-preserving correction.
1542740	1544880	It moves the state from N to N plus 1.
1545020	1549640	Like fixing a typo, updating a broken link, clarifying a confusing sentence.
1549900	1552160	The core intent remains identical.
1552560	1552960	Exactly.
1553520	1557860	Revisions supersede the old version, but branches do not.
1558080	1559600	Okay, so how do branches work?
1559600	1563000	A branch is a divergent continuation from a common ancestor.
1563880	1567340	Imagine two authors collaborating on a political science essay.
1567580	1567780	Right.
1568060	1572740	They agree on the historical data, but midway through, they fundamentally disagree on the conclusion.
1573240	1576220	In the Plenum Hub architecture, they simply branch the lineage.
1576420	1577080	They fork it.
1577240	1583760	Both conclusions exist simultaneously, sharing the exact same ancestral data, but neither invalidates the other.
1583900	1585060	It is a multiverse of thought.
1585480	1587160	So that is the x-axis, lineage.
1587540	1588920	The y-axis is depth.
1588920	1592680	Depth represents deliberately lossy compression of the material.
1593140	1594660	Think of it as semantic zoom.
1594820	1595460	Semantic zoom.
1595600	1596080	I like that.
1596300	1601340	You might have a full depth, which is the comprehensive, exhaustive exploration of the topic.
1601840	1604800	Then you might have a medium depth, perhaps a five-minute overview.
1605000	1605240	Okay.
1605460	1609180	And finally, a short depth, a 30-second elevator pitch, or an abstract.
1609680	1613380	So a full textbook chapter versus the flashcard summary.
1614120	1618480	The crucial distinction here is that depth is completely decoupled from lineage.
1618480	1619480	Completely decoupled.
1620160	1624760	A shorter summary doesn't mean it is newer, and a newer revision isn't necessarily longer.
1625420	1632060	You can have a short depth rendering of a branch from three years ago, or a full depth rendering of a revision made five minutes ago.
1632200	1633120	That is exactly right.
1633220	1633320	Yeah.
1633320	1637480	And then we reach the z-axis, rendering, this is the output modality.
1637580	1638280	The actual format.
1638500	1644960	Once you have selected your point in time, the lineage, and your level of detail, the depth, how do you want to consume it?
1645120	1646980	As a video, an audio podcast.
1647200	1647360	Yeah.
1647420	1649220	A text essay, an interactive comic.
1649220	1649580	Exactly.
1649780	1655040	So in this architecture, you don't just click a URL and passively accept whatever video plays.
1655140	1656840	You are making a specific request.
1656960	1659620	A well-formed request is a specific coordinate query.
1660120	1667420	You are asking the plenum hub substrate for, say, the short-depth audio rendering of branch B as of revision 12.
1667720	1673420	Infliction uses the educational sector as the ultimate proof of concept for this, which instantly made it quick for me.
1673480	1674960	It is the perfect use case.
1674960	1689260	Think about a university biology course. In a traditional publishing model, the professor relies on a textbook, a deck of study flashcards, a recorded lecture series, and maybe an interactive lab simulation software.
1689640	1693080	Conventionally, those are four completely isolated artifacts.
1693260	1697660	Right. Developed by different teams, living on different servers, and sold by different vendors.
1697660	1705180	And what happens when a new fossil is discovered that completely changes the timeline of a specific evolutionary branch?
1705360	1705680	Chaos.
1706260	1719320	The professor has to manually write an erratum for the textbook, record a supplementary video to append to the lecture, tell the students to throw out three specific flashcards, and hope the software vendor patches the simulation.
1719620	1724320	Which, let's be real, never happens perfectly. The artifacts immediately drift out of sync.
1724320	1729140	A student studying the flashcards gets a different answer than a student watching the lecture.
1729480	1736900	But in the plenum hub architecture, those four things, the textbook, the flashcards, the lecture, the simulation, are not independent source artifacts.
1737040	1737820	No, they are not.
1738120	1745920	They are simply four different renderings of a single, canonical source database, which Flyxion designates mathematically as sigma.
1746260	1752460	If the underlying source sigma is updated with the new fossil discovery, that update cascades.
1752460	1758820	Because the renderings are disposable, IDO-generated views compiled from the source, they regenerate perfectly.
1759020	1766340	The textbook PDF updates, the flashcard deck regenerates its short-depth text, the simulation adjusts its parameters.
1766660	1770740	They can never drift out of sync because they do not contain the truth, they only reflect it.
1770800	1772120	It is a beautiful system.
1772380	1775880	But I do have to push back on this a little bit because it sounds almost entirely automated.
1775960	1777040	Okay, what is your concern?
1777040	1784900	If every rendering is just a disposable view pumped out by a compiler, doesn't that completely devalue the art of presentation?
1786000	1791600	Are we replacing brilliant video essayists and gifted writers with rendering pipelines?
1792000	1793000	It is a fair question.
1793180	1797020	What happens to the art of storytelling if the story is just a query result?
1797560	1800780	That is the most common critique of source-first architectures.
1801100	1804400	But Flyxion argues the reality is the exact opposite.
1804640	1805060	How so?
1805060	1808220	The art of the authored presentation doesn't lose its value.
1808540	1810620	Its structural status simply changes.
1811480	1817940	A beautifully written essay or a masterfully edited video becomes what the essay calls a traversal of the source.
1818140	1821600	A traversal, like a curated path taken through a dense forest.
1821780	1822040	Yes.
1822560	1826840	An author brings their unique perspective to navigate the space of possibilities.
1827280	1828520	So they are a guide.
1828520	1829120	Exactly.
1830060	1839160	Readers who want to experience the author's specific narrative tension, their pacing, their emotional beats, can follow that traversal and appreciate the art of the sequence.
1839380	1844160	But, and this is the revolutionary part, readers who hit a point in the traversal and say,
1844380	1850560	wait, I want to see the counter arguments to this specific claim, are no longer trapped inside the video.
1850560	1853020	Because they can query the underlying source.
1853520	1858280	The art of the presentation remains beautiful, but it no longer holds the underlying knowledge hostage.
1858720	1859040	Wow.
1859260	1863780	A rendering is an invitation to explore the source, not a prison cell locking you away from it.
1863840	1864320	Exactly.
1864320	1870680	But for this dynamic to function, the underlying system must have an absolute obsession with remembering the past.
1870820	1871440	Right, the history.
1871680	1875960	Both Buffer World and Plenum Hub rely heavily on retaining deep history.
1876460	1879760	Let's explore that history obsession, starting with Buffer World.
1880440	1883580	Standard text editors have a linear undo stack.
1883820	1884440	Very basic.
1885020	1892380	If I type a paragraph, hit undo a few times to delete it, and then start typing something new, the original paragraph is gone forever.
1892380	1896420	My new typing overwrites the future of that undo stack.
1897060	1898360	But Vim doesn't do that.
1898500	1901240	No, Vim utilizes a tree-based undo system.
1901740	1902740	The undo spire.
1903000	1903240	Right.
1903520	1909400	If you undo changes and then branch off by making a new edit, Vim doesn't delete the redo branch you just abandoned.
1909560	1910660	It forks the timeline.
1910820	1911180	It does.
1911540	1916780	Every single state the text buffer has ever occupied since the moment the file was opened is preserved.
1917000	1921580	You can literally time travel chronologically through every edit, regardless of which branch you are on,
1921580	1923720	using the G- and G- commands.
1923900	1925800	It is a multiverse of text editing.
1926080	1931820	I could be working on a piece of code, completely ruin it, undo back to yesterday, try a different approach, ruin that,
1931940	1937800	and then seamlessly time travel back to the exact state of my first failed attempt just to check a variable name.
1938040	1939580	It remembers everything.
1940280	1945500	And Buffer World's phase zero specification demands that this complex branching data structure
1945500	1949040	be built as a foundational element of the headless parser from day one.
1949100	1950480	It cannot be retrofitted.
1950480	1954180	And this brings us to how Plenum Hub handles the multiverse of human knowledge.
1954800	1964000	Flyxion provides a formal mathematical argument in Proposition 6.2 for why any publishing substrate must keep histories, not snapshots.
1964260	1967460	The core thesis is that snapshots underdetermine history.
1967740	1969160	Okay, let's break down the math.
1969560	1972460	What does underdetermine actually mean in this context?
1972720	1973960	Flyxion defines a function.
1974580	1975660	Pi of sigma equals m.
1975820	1977360	Okay, pi of sigma equals m.
1977360	1984000	In this equation, sigma is the canonical semantic object, the pure source containing the entire branching history of the text,
1984100	1985460	all the revisions, all the debates.
1986060	1987920	The function pi acts as a flattener.
1988080	1990960	It strips away all the history and provenance outputting m.
1991020	1993540	M being the populated content map, the current snapshot.
1994060	1994940	Final batch cake.
1995440	1996640	The MP4 video file.
1996640	1997160	Exactly.
1997700	2002020	The mathematical proof demonstrates that this flattening function pi is strictly non-injective.
2002260	2005880	Non-injective, meaning you can't reverse engineer the input from the output.
2006100	2010360	In mapping terms, it means multiple different inputs can result in the exact same output.
2010920	2012600	Let's look at a practical scenario.
2013080	2013300	Right.
2013300	2017840	Imagine two different histories leading to the same sentence in a research paper.
2018700	2024060	In history A, two scientists spend a month vehemently debating a single claim.
2025120	2035840	They write massive branching caveats, cite conflicting studies, and eventually compromise on a highly specific distilled sentence that they both agree is factually unassailable.
2036040	2039440	So that is a dense, rich history of intellectual friction.
2039440	2044500	Now imagine history B, so a single researcher who hasn't done much reading on the topic just guesses.
2044840	2045040	Okay.
2045320	2049060	They type out that exact same distilled sentence purely by chance.
2049180	2049500	Wow.
2050120	2058880	If you apply the flattening function pi to both histories, the output m, the final snapshot printed in the journal, is character for character identical.
2059120	2061380	The snapshot is completely non-injective.
2061440	2063360	And that is a catastrophe for human knowledge.
2063480	2069400	The snapshot of what currently exists cannot, even in principle, tell you how it became this.
2069720	2079660	By only saving the final snapshot, traditional media permanently erases the context, the discarded alternatives, and the rigorous debate that justifies the conclusion.
2080180	2084820	It is like looking at the answer four on a math test, but the student erased all their scratch work.
2084900	2086400	You have no idea how they got there.
2086400	2096160	You have no idea if they logically deduced that two plus two is four, or if they made two massive errors that happened to cancel each other out, or if they just copied off the person next to them.
2096340	2103900	This is exactly why Plenum Hub insists that the entire provenance graph must remain a first-class component of the source object.
2103900	2112700	Forgetting a debate should be a reversible, deliberate choice by the reader, not a permanent structural deletion by the platform.
2112700	2124320	This distinction between the history of how something happened versus the final state of what happened is perfectly illustrated by another technical quirk in Buffer World, the difference between macros and the dot command.
2124480	2128060	Oh, this blew my mind when I realized what was actually happening computationally.
2128060	2129080	It is so subtle.
2129420	2135300	To a casual user, recording a macro and using the dot command seem to do the exact same thing.
2135580	2136480	They repeat an action.
2136680	2139280	But they operate at completely different conceptual levels.
2139420	2139620	Right.
2139920	2141080	Let's start with the dot command.
2141200	2143600	The dot command replays a resolved command.
2144280	2146680	It represents the meaning, the intent of the edit.
2146860	2147100	Right.
2147100	2156800	If I type 3D2W, we established earlier that the parser builds an abstract syntax tree and resolves that to delete six words.
2156800	2159160	The dot command caches that result intent.
2159300	2165260	If I move my cursor to a new caragraph and press dot, the engine executes delete six words.
2165600	2167600	It doesn't care what buttons I press to get there.
2167780	2170300	It only cares about the finalized semantic meaning.
2170760	2172360	But a macro is entirely different.
2172480	2176180	A macro records the literal history of your physical fingers on the keyboard.
2176320	2177540	It is a raw keylogger.
2177620	2178020	Exactly.
2178500	2183180	When you replay a macro, it doesn't remember that your intent was to delete six words.
2183180	2193700	It just blindly refeeds the literal keystrokes, 3D2W, back into the parser's input buffer, forcing the parser to recalculate the entire meaning from scratch.
2193820	2204340	And conflating those two things, replaying the semantic intent of a snapshot versus replaying the literal historical keystrokes, is a guaranteed way to introduce catastrophic bugs when building a Vim clone.
2204620	2211120	Just like conflating a document's current snapshot with its provenance history causes bugs in human knowledge.
2211400	2212520	The exact same problem.
2212520	2221520	If you treat the final, flattened PDF of a scientific paper as the whole truth, you lose the macro-level history of how those ideas were formed.
2221920	2223660	You lose the keystrokes of the debate.
2224220	2227380	But this introduces an enormous practical challenge.
2227560	2228120	What is that?
2228480	2235660	If your system allows for infinite branching histories and supports multiple rendering depths from short summaries to full textbooks,
2236180	2239540	how do you guarantee that the system isn't lying to the user?
2240140	2241480	Ah, verification.
2241480	2248040	How do you mathematically prove that a 30-second TikTok summary isn't completely misrepresenting the underlying source text?
2248320	2254240	Or, returning to our game, how do you prove that the 3D graphics aren't lying about how Vim actually works?
2254360	2255900	This brings us to section 6.
2256440	2258380	Entropy, drift, and oracle testing.
2258740	2261560	Let's look at how Buffer World solves the truth problem first.
2261720	2264020	They employ a methodology called oracle testing.
2264140	2265320	Okay, what is oracle testing?
2265320	2271460	When developers write unit tests for software, they usually write the input, and then they write the expected output.
2271660	2273460	If I put in 2 plus 2, expect 4.
2273660	2274720	Sure, standard testing.
2275020	2283520	But the developers of Buffer World realize that handwriting expected outputs for a system as complex as Vim is deeply flawed.
2283520	2287060	Because the person writing the test is the same person writing the code.
2287260	2287780	Exactly.
2288120	2295660	If a developer fundamentally misunderstands how the CW command works, they will write a test that expects the wrong outcome.
2295740	2303060	And the parser will behave incorrectly, pass the incorrect test perfectly, and the developer will deploy broken code with 100% confidence.
2303060	2310520	So to break that cycle of confirmation bias, the specification demands an external, incorruptible oracle.
2310700	2311060	Yes.
2311340	2312480	And what serves as the oracle?
2312560	2313000	Real Vim.
2313500	2317600	Specifically, they utilize a headless instance of NeoVim running in the background.
2317820	2318080	Okay.
2318280	2325540	The testing suite pipes a sequence of keystrokes into real NeoVim via an RPC, a remote procedure call API.
2325540	2336720	NeoVim processes the keystrokes and returns a massive JSON payload containing the exact mathematically perfect state of the buffer, the cursor coordinates, and the mode.
2337060	2339960	So the test suite asks the real world for the truth.
2340060	2340380	Yes.
2340860	2346800	Then it feeds those exact same keystrokes into Buffer World's internal headless parser.
2346920	2347800	And compares them.
2347980	2353980	It takes the resulting state from Buffer World and asserts it against the JSON payload from the NeoVim oracle.
2353980	2362800	If there is a single byte out of place, if the cursor is one column off, if a white space was deleted when it shouldn't have been, the test fails.
2362900	2365680	It is an automated, unyielding truth checker.
2366220	2375520	Any mismatch means either there is a genuine bug in Buffer World's code, or the developers have made a documented, deliberate choice to not support a specific edge case feature.
2375640	2378480	And this oracle testing is a phase zero requirement.
2378480	2385140	They are strictly forbidden from building the 3D glowing polygons until this automated verification against reality passes completely.
2385400	2389720	So that is how a video game algorithmically guarantees truth against a software benchmark.
2389980	2392340	But PlenumHub faces a much harder problem.
2393180	2402140	How do you algorithmically guarantee truth against the abstract concepts of human knowledge when transforming a long source into a short video?
2402140	2407980	Flyxion attempts to solve this by introducing a formal calculus for what they call semantic entropy.
2408300	2409060	Semantic entropy.
2409240	2412380	This is outlined in definition 12.9 of the essay.
2412880	2417340	The explicit goal is to place mathematical boundaries on semantic drift.
2417520	2423320	Semantic drift is the phenomenon where meaning degrades or mutates as it passes through translation layers.
2423540	2425060	It is the game of telephone effect.
2425060	2425360	Right.
2425480	2432460	When a dense 50-page sociological study is summarized by a university PR department into a two-page press release.
2432740	2436020	And then summarized again by a tech blogger into a short social media post.
2436060	2436460	Exactly.
2436740	2440220	The final rendering often actively contradicts the original source.
2440320	2441820	So how does the math prevent that?
2442120	2451860	Well, the formula for semantic entropy calculates the baseline entropy of a specific rendering, essentially how much raw information is contained within that specific video or summary.
2451860	2456620	But the critical innovation is that the formula then subtracts a mutual information term.
2457060	2460060	Why subtract mutual information? What does that accomplish?
2460680	2464900	It mathematically penalizes redundancy and rewards structural alignment.
2465400	2466120	Give me an example.
2466680	2470600	Imagine you have two renderings compiled from the exact same source coordinate.
2471540	2478180	A 10-page text essay and an hour-long audio recording of someone reading that exact essay.
2478460	2480840	They contain the exact same semantic arguments.
2480840	2484460	Exactly. The mutual information between them is incredibly high.
2485000	2490540	Therefore, subtracting that high mutual information keeps the overall semantic entropy of the system low.
2491060	2491740	They are coherent.
2492080	2497580	But what if a rogue AI summarizer pipeline creates a rendering that hallucinates facts?
2497800	2505000	Right. If you have two renderings, a long one and a short one, that are individually coherent internally but have very low mutual information.
2505000	2511180	Meaning they share almost no core concepts or they actively contradict each other on the points they do share.
2511340	2515880	That low mutual information subtraction results in a massive spike in system entropy.
2516360	2523080	And that entropy spike is mathematical evidence that at least one of the renderings has structurally drifted away from the canonical source.
2523080	2534300	So every programmatic rule that transforms the source database into a rendering, like a summarization algorithm or an automated video generator, must declare an entropy budget.
2534300	2537060	That is formalized in theorem 12.10.
2537060	2547700	It mathematically proves that the semantic drift, after a long chain of successive rendering transformations, is strictly bounded by the sum of those declared entropy costs.
2548180	2552440	You cannot silently accumulate errors the way human aggregators do.
2552880	2555600	The system dynamically tracks the divergence.
2555600	2559080	And this enforces what fiction calls the coherence condition.
2559280	2559740	Which means?
2559920	2569400	If a short depth video and a full depth essay compiled from the exact same source coordinate contradict each other on the parts they both cover, it proves one of two things must be true.
2569580	2569820	Okay.
2570160	2582820	Either the rendering pipeline that generated the short video is mathematically defective, or one of the files is not a legitimate rendering at all, but rather an unauthorized forged fork masquerading as the truth.
2582820	2586600	It acts as an automated cryptographic alarm system for truth.
2586700	2587540	It is brilliant.
2588100	2592960	But I do have to push back here again, because this sounds like it's promising something physically impossible.
2593320	2602400	Doesn't the paper itself explicitly prove that NO rendering can be fully 100% faithful to an unboundedly long history?
2602800	2604180	What about the pigeonhole principle?
2604520	2610280	You're bringing up theorem 12.22, the no faithful rendering theorem, and you are entirely correct to push back.
2610480	2611060	Okay, good.
2611060	2612960	Fluidiction is not claiming magic.
2613340	2616800	The essay freely admits a fundamental physical limit to any rendering.
2617420	2618920	A video has a finite runtime.
2619500	2621460	A summary has a finite token count.
2621580	2629900	But the provenance graph of the canonical source, the endless revisions, the debates, the branching counter arguments can grow infinitely large.
2630140	2634600	You physically cannot fit an infinite amount of history into a 10-minute YouTube video.
2634600	2641760	Right. The pigeonhole principle states that if you have more pigeons than you have pigeonholes, at least one hole must contain more than one pigeon.
2641960	2651240	Apply here, it means that multiple highly nuanced historical debates must inevitably be flattened and compressed into the exact same simplified sentence in the final video.
2651340	2653100	Laws of detail is a physical certainty.
2653260	2654840	That is mathematically undeniable.
2655380	2658760	Nuance must be lost in any rendering that is shorter than the source itself.
2658760	2661040	So how is this better than what we have now?
2661040	2664540	Here is the critical, paradigm-shifting difference.
2665200	2670740	In traditional media, that loss of nuance is permanent because the video is the only copy.
2671260	2676780	In the plenum hub architecture, the loss of fidelity is strictly temporary and entirely reversible.
2676780	2681220	Because the canonical source is always retained and remains globally addressable.
2681340	2685060	Precisely. Through a mechanism called progressive disclosure.
2685580	2686800	How does that work in practice?
2687120	2696320	If a reader finishes watching a short, heavily compressed video rendering and feels dissatisfied with a specific claim, they don't have to go search the internet for an alternative.
2696580	2697860	They just ask for more depth.
2698000	2701760	They simply ask the system for a deeper rendering of that specific coordinate.
2701760	2710640	Because the canonical source sigma is intact beneath the video, the system instantly compiles and serves a medium or full-depth rendering.
2710860	2714320	And the deeper rendering doesn't invalidate or contradict the shallow one.
2714560	2716600	It flawlessly expands upon it.
2716700	2718980	The truth is never destroyed to save time.
2719320	2723000	It is merely hidden for convenience, ready to be expanded on demand.
2723400	2726520	Which leads us perfectly into the final section of our deep dive.
2727440	2728560	Empowering the user.
2728740	2731640	We have talked a lot about the architecture and the math.
2731760	2738960	But what does a source-first reality actually mean for you, the listener, the everyday consumer of this media?
2739540	2747640	It dictates a total psychological transition from being a passive reader of frozen artifacts to being an active querier of streaks.
2747800	2748540	Active querier?
2748780	2755080	In this paradigm, you, the user, are explicitly granted what Flyxion calls reader rights.
2755180	2755680	Reader rights.
2755740	2757340	I love how that frames the dynamic.
2757900	2759580	What exactly do I have the right to do?
2759580	2763180	You have the right to demand the provenance of any claim you encounter.
2763420	2768620	If you see a chart in a video, you have the right to click it and see exactly which data set it was compiled from.
2768780	2769620	That is powerful.
2769840	2772780	You have the right to request alternatives to the current branch.
2773120	2780060	If an author states a conclusion, you have the right to instantly ask the system who branched off from this data and argued the exact opposite.
2780060	2788300	You have the right to inspect the raw canonical source, the algorithmic logic of the rendering pipeline that created the video you're watching.
2788700	2794200	And most importantly, the right to view any context that a shorter rendering omitted to save time.
2794200	2796740	You're no longer just absorbing information.
2796960	2798120	You are interrogating it.
2798580	2800160	You are cross-examining the media.
2800720	2811300	And both of our sources today propose a way to make this interrogation not just a solitary academic exercise, but a public, highly competitive, gamified community effort.
2811300	2814460	Klenum Hub proposes a concept they call Pipeline Golf.
2814580	2815300	Pipeline Golf.
2815860	2816680	Like Code Golf.
2817300	2825420	It borrows heavily from the programming concept of Code Golf, where developers compete to solve a complex algorithm using the fewest possible characters of code.
2825580	2827380	Okay, so how does Pipeline Golf work?
2827560	2832900	In Pipeline Golf, a community of users is given a fixed, highly complex canonical source text.
2833140	2836740	They then compete against each other to architect the best rendering pipeline.
2836740	2842880	The rule set that translates that dense text into an accessible image, an animation, or a short audio track.
2843260	2845540	And how do you judge who built the best pipeline?
2845920	2847800	It cannot just be about making it short.
2848040	2850900	They're judged on a multidimensional matrix, fidelity.
2851660	2856720	Mathematically, how much of the source structure survives a transformation without semantic drift?
2857140	2857580	Economy.
2858320	2861920	How few computational steps or tokens does the pipeline require?
2862680	2863240	Explainability.
2863240	2868320	Can another user easily read and understand the logic of the transformation rules?
2868520	2869720	And finally, surprise.
2870280	2875440	Is the resulting visual rendering actually interesting, elegant, or entertaining to consume?
2875800	2881000	It turns the act of rendering information into a verifiable, community-driven puzzle.
2881460	2887540	It incentivizes the crowd to constantly iterate and improve how we visualize complex data.
2887760	2892800	And Buffer World has independently developed the exact same philosophy with its user-generated levels.
2892800	2895720	Section 13 of the Buffer World spec details this.
2896300	2898380	They don't just want players solving pre-made puzzles.
2898780	2902680	They want players actively importing their real-world problems into the game engine.
2902900	2907920	Let's say a programmer has a massive, messy, 10,000-line server log file.
2908040	2908240	Okay.
2908560	2915580	They need to reformat all the timestamps, fix a repeated typo that occurs randomly, and rename a variable everywhere it appears.
2915580	2920700	They can import that starting text and their desired final text and turn it into a custom level.
2921260	2923640	The game calculates the diff between the two files.
2924020	2927360	But how does the game leaderboard know what the parse score is?
2927800	2934300	How does it know the absolute minimum number of Vim keystrokes required to get from state A to state B?
2934800	2943200	Computing the mathematically perfect minimum keystroke sequence for a complex text transformation is known to be computationally intractable.
2943200	2948280	It would take a supercomputer years to brute force all possible Vim combinations.
2949160	2954140	So Buffer World sidesteps the math by using AuthorPlay's first parse seeding.
2954300	2956540	Ah, so the author has to eat their own cooking?
2956740	2957180	Exactly.
2957540	2963720	To prove that the imported level is actually solvable, the author must solve it themselves inside the engine at the moment of import.
2963900	2968480	The number of keystrokes the author used becomes the initial parse score for the global leaderboard.
2968480	2977300	And then the global community descends on the level, utilizing obscure Vim commands to shave off one or two keystrokes, constantly pushing the parse score down.
2977400	2980020	But with a global leaderboard, people will always try to cheat.
2980820	2985280	How do you stop someone from just hacking the client and submitting a score of one keystroke?
2985560	2989720	Here is where the strict architectural adherence to the truth becomes critical again.
2990360	2995360	To prevent cheating, Buffer World leaderboards rely entirely on verified replays.
2995360	2999440	A player cannot just submit an integer score of 15 keystrokes to the server.
2999680	2999940	No.
3000640	3006860	The client must submit the actual, literal sequence of those 15 keystrokes as a data payload.
3007240	3008340	And the server checks it.
3008540	3016500	The master server then spins up its own instance of the headless parser, the incorruptible oracle, feeds those 15 keystrokes into it,
3016500	3021480	and strictly verifies that the resulting state matches the required win state of the level.
3021780	3027040	The mechanism used to verify the leaderboards is identical to the mechanism used to run the unit tests.
3027280	3028800	It is a closed loop of truth.
3029040	3031900	The truth is verifiable at every single step of the stack.
3032440	3039920	And engaging with this system actively trains the user to think in the same structural, transformational ways that the architecture requires.
3040180	3044860	This is perfectly highlighted by Buffer World's final training phase, which they call SearchWorks.
3044860	3052880	SearchWorks covers the most advanced Vim mechanics, global commands, denoted by colon G, and substitute commands, denoted by colon S.
3053400	3057960	Mastering these forces, a complete paradigm shift in the player's mental model.
3058740	3064940	In the early levels of the game, you are taught to move your character to a word, delete it, move to the next word, change it.
3065580	3068160	You are acting on one discrete object at a time.
3068600	3071160	It is very localized, linear thinking.
3071160	3074600	But SearchWorks teaches you to abandon the cursor entirely.
3075080	3076040	Abandon the cursor.
3076220	3086300	It teaches you to write a command that instantly selects an entire population, say, highlighting every single instance of word error across thousands of lines of text simultaneously,
3086300	3094120	and then applying a systematic transformation to that entire population in one single coordinated instantaneous motion.
3094120	3100120	Which, if you think about it, is the exact computational logic required to manage a plenum hub database.
3100300	3100760	Exactly.
3100880	3107380	When that biology professor updates the date of the fossil discovery, the underlying system acts like a global Vim command.
3107700	3113120	It selects the population of all link renderings, the textbook, the flashcards, the video, and transforms them systematically.
3113900	3121760	By playing this 3D game, you are literally training your brain to intuitively grasp the mechanics of source-first data transformation.
3121760	3127920	It is a profound synchronization of the tool, the architecture, and the human mental model.
3128120	3130880	Okay, let's pull all this together and recap this massive journey.
3131740	3137160	We started with the very human frustration of spotting permanent errors in baked-in videos.
3137240	3143500	Diagnosing the conflation problem, where modern media tragically fuses the underlying truth with its temporary presentation.
3143500	3156200	We then looked at Buffer World, a video game that solves this by strictly separating the brain, the headless, mathematically rigorous Vim parser, from the glowing 3D polygons of the rendering engine.
3156360	3164240	And we saw how the plenum hub theoretical architecture takes that exact same decoupled philosophy and applies it to the totality of human knowledge.
3164240	3173660	We explored how it shatters the linear version into three dimensions, a branching lineage of history, variable depths of lossy compression, and diverse output modalities.
3174000	3182940	We examined the mathematical necessity of retaining deep provenance, because flattening histories into snapshots fundamentally erases the why behind any conclusion.
3183380	3189960	We looked at how systems can guarantee this truth, using automated NeoVim oracles and semantic entropy calculus to bound drift.
3189960	3196680	And finally, we saw how separating the source from the rendering empowers you with reader rights.
3196860	3202240	Turning passive consumption into a verifiable, competitive, community-driven interrogation of knowledge.
3202600	3207140	The future of digital media demands that we stop confusing the presentation with the truth.
3207560	3212920	The canonical source must remain sacred, globally addressable, and totally headless.
3212920	3221120	Renderings, whether they're YouTube videos, textbooks, or 3D games, are just disposable, beautiful, temporary views of that deeper truth.
3221400	3226600	I want to leave you, the listener, with a final thought to mull over as you close out this deep dive.
3226760	3227080	Go ahead.
3227560	3233120	Turn this lens away from theoretical architecture and look at your own personal digital footprint.
3233760	3239540	Think about your thousands of emails, your sprawling notes apps, your decade of social media posts.
3239660	3240380	Oh, wow, yeah.
3240380	3245380	How much of what you create and store is currently trapped as a frozen snapshot rendering?
3246420	3263340	And more importantly, how much of your actual provenance, the history of how you arrived at your core beliefs, the intense debates you had in draft folders, the nuanced alternatives you ultimately threw away, has been permanently overwritten and lost to time because your tools didn't care to remember.
3263540	3264820	That is a chilling thought.
3264820	3277740	If a video game can mathematically guarantee the preservation of every single keystroke history of a typo in VIM, shouldn't we demand that our publishing systems possess the same respect for the history of our ideas?
3277900	3280720	Just like that swapped access chart we talked about at the very beginning.
3280880	3281060	Yeah.
3281220	3292940	We need to stop building systems that only show us the broken chart and start building systems that remember exactly how it got broken, allowing us to rewind the tape, fix the source, and instantly regenerate the world.
3292940	3293460	Absolutely.
3294020	3295700	Thanks for joining us on this deep dive.
3296080	3296780	Keep exploring.
3297140	3299120	Keep demanding the providence of what you read.
3299380	3302820	And keep questioning the structures beneath the surfaces you see every day.
3302820	3303080	Hey.
3303080	3303380	Hey.
3303380	3303540	Bye.
3303540	3303700	Bye.
3303700	3303880	Bye.
3303880	3304760	Bye.
3305340	3306420	Bye.
3306420	3308440	Bye.
3308460	3309360	Bye.
3309360	3310600	Bye.
3310600	3319420	Bye.
3322380	3323440	Bye.
3323440	3323660	Bye.
3323660	3325500	Bye.
3325500	3326100	Bye.
3326440	3327500	Bye.
3327500	3327780	Bye.
3327780	3328540	Bye.
3328540	3329300	Bye.
3329300	3329600	Bye.
3329600	3330720	Bye.
3330720	3331260	Bye.
3331260	3331340	Bye.
3331420	3331480	Bye.
3331480	3332480	Bye.
